rank;unidade;local;distrito;emissões (t CO2eq);emissões (t GAS);proprietário-operador;empresa;setor;comentários;percentagem emissões territoriais;ano
1;Central Termoeléctrica Sines;Sines;Setúbal;8440230;8 400 000 t CO2 + 135 t N2O;EDP - Gestão da Produção de Energia, S.A.;EDP;Energia - Centrais térmicas e outras instalações de combustão;"Tecnologia: Caldeira + Turbina a Vapor; Combústivel: HU + FO";12.39933892;2017
2;Central Termoeléctrica do Pego;Pego, Abrantes;Santarém;3767939.6;3 750 000 t CO2 + 60.2 t N2O;"Tejo Energia: joint venture entre TrustEnergy (que por sua vez é uma joint-venture (50%/50%) entre a ENGIE e a Marubeni) (56,25) e Endesa Generación (43,75); Pegop; Carbo Pego";Tejo Energia;Energia - Centrais térmicas e outras instalações de combustão;;5.535389452;2017
3;Refinaria de Sines;Sines;Setúbal;2359050;;Petróleos de Portugal - Petrogal S.A. → Empresa do Grupo Galp Energia;Galp Energia;Energia - Refinarias de petróleo e gás mineral;os valores não contabilizam emissões fugitivas;3.465623623;2018
4;Central de Ciclo Combinado da Tapada do Outeiro;Medas, Gondomar;Porto;1501817;1 501 817 t CO2;Turbogás - Produtora Energética, S.A. → TrustEnergy;TrustEnergy;Energia - Centrais térmicas e outras instalações de combustão;"Tecnologia: Caldeira + Turbina a Vapor; Combústivel: LEN + FO Combustível: GN, GPL; Potência 990 (3x330) Mwe: Tecnologia: Ciclo Combinado";2.206283238;2018
5;Complexo Industrial de Setúbal da Navigator;Mitrena;Setúbal;1382337.2;"1 370 000 t CO2 + 41.4 t N2O  ";Navigator Pulp Setúbal, S.A. → The Navigator Company;The Navigator Company;Papel;"Fabrico de pasta de papel, papel e cartão; É composto por uma fábrica de pasta e duas de papel, uma das quais, denominada “About the Future” (as emissões desta última unidade poderão estar englobadas neste valor e são apresentadas numa entrada desta lista)";2.030758337;2017
6;Central Termoeléctrica de Lares;Vila Verde, Figueira da Foz;Coimbra;1245769;;EDP - Gestão da Produção de Energia, S.A.;"EDP ";Energia - Centrais térmicas e outras instalações de combustão;"Tecnologia: Ciclo Combinado; Combustível: GN + GO";1.830129279;2019
7;Refinaria de Matosinhos;Matosinhos;Porto;1034009;973 217 t CO2 + 204t N2O;Petróleos de Portugal - Petrogal S.A. → Empresa do Grupo Galp Energia;Petrogal S.A.;Energia - Refinarias de petróleo e gás mineral;os valores não contabilizam emissões fugitivas;1.519037755;2017
8;Carnes Landeiro, S.A;Silveiros, Barcelos;Braga;963347.4;957 000 t CO2 + 21.3t N2O;Carnes Landeiro, S.A;Carnes Landeiro, S.A;Carnes;"a empresa dispõe de duas linhas de abate: bovinos e suínos; possui também linhas de desmancha e de desossa de suínos e bovinos e de transformação";1.415230498;2017
9;CIMPOR - Centro de Produção de Alhandra;Alhandra, Vila Franca de Xira;Lisboa;940174;;CIMPOR Portugal SGPS S.A. → OYAK Cement Group;CIMPOR;Construção;"Instalações para a produção de cimento clínquer em fornos rotativos;  Exploração da Pedreira do Bom Jesus (calcário)";1.381187013;2018
10;Complexo Industrial de Cacia – Navigator;Cacia;Aveiro;884271.2;877 000 t CO2 + 24.4 t N2O;Navigator Pulp Cacia, S.A. → The Navigator Company;The Navigator Company;Papel;"A sua produção atinge um volume anual na ordem das 320 mil toneladas de pasta branqueada de eucalipto, direccionadas para a transformação em papéis especiais como décor, filtros, cigarros e tissues de alta qualidade. Integra também uma central de cogeração a biomassa associada à fábrica de pasta e uma central termoelectrica de biomassa para a produção de energia renovável; Os valores no ETS 2018 são diferentes dos valores no PRTR";1.299061554;2017
11;Central Termoeléctrica do Ribatejo;Carregado, Alenquer;Lisboa;869142;;EDP - Gestão da Produção de Energia, S.A.;EDP;Energia - Centrais térmicas e outras instalações de combustão;"Tecnologia: Ciclo Combinado; Combustível: GN + GO";1.27683561;2018
12;CIMPOR - Centro de Produção de Souselas;Souselas;Coimbra;867099.2;864 000 t CO2 + 10.4t N2O;"CIMPOR – Indústria de Cimentos, S.A.; CIMPOR Portugal SGPS S.A. → OYAK Cement Group";CIMPOR;Construção;Instalações para a produção de cimento clínquer em fornos rotativos;1.273834582;2017
13;Fábrica Secil - Outão;Outão;Setúbal;835267;CO2;SECIL-Companhia Geral de Cal e Cimento, S.A.;SECIL;Construção;Instalações para a produção de cimento clínquer em fornos rotativos;1.227070663;2018
14;Navigator- Complexo Industrial da Figueira da Foz;Figueira da Foz;Coimbra;832274.6;827 000 t CO2 + 17.7 t N2O;Navigator Paper Figueira, SA  → The Navigator Company;The Navigator Company;Papel;"pasta branqueada de eucalipto (BEKP) e 800 mil toneladas de papéis finos de impressão e escrita não revestidos (UWF). Integra ainda uma central de cogeração a biomassa associada à fábrica de pasta para a produção de energia a partir de fontes renováveis, para além de uma cogeração a gás natural de ciclo combinado; Produção de pasta de papel a partir de madeira ou materiais fibrosos semelhantes; Produção de papel e cartão e outros produtos de madeira primários";1.2226746;2017
15;Central de Ciclo Combinado do Pego;Pego, Abrantes;Santarém;742714;742 714 t  CO2;ElecGas, S.A. → joint-venture entre a Endesa Generación e a TrustEnergy, cada uma com uma quota de 50%.;ElecGas, S.A.;Energia - Centrais térmicas e outras instalações de combustão;"Tecnologia: Ciclo Combinado; Combustível: GN + GO";1.091103276;2018
16;Europac Kraft Viana;Deocriste;Viana do Castelo;588039.6;585 000 t CO2 + 10.2t N2O;Ds Smith Paper Viana, S.a;DS Smith Paper;Papel;Instalações industriais para a produção de pasta de papel a partir de madeira ou materiais fibrosos similares;0.863874835;2017
17;Complexo Petroquímico da Repsol;Sines;Setúbal;561113;;Repsol Polímeros, Lda.;REPSOL;Químicos;No complexo existe uma Central Termoeléctrica para produção e distribuição de vapor e electricidade e 5 fábricas (Fabrico de produtos químicos básicos, fertilizantes e compostos nitrogenados, plásticos e borracha sintética em formas primárias) Não é claro se as emissões são referentes apenas à combustão de combustíveis nas instalações ou também a emissões relativas a processos indústriais das fábricas;0.824317614;2018
18;CTRSU - Central de Tratamento de Resíduos Sólidos Urbanos;Loures;Lisboa;547923;529000 t CO2 + 63.5 t N2O;Valorsul - Valorização e Tratamento de Resíduos Sólidos das Regiões de Lisboa e do Oeste, S.A.;Valorsul;Resíduos;Instalações para a incineração de resíduos não perigosos;0.804940502;2017
19;Navarra - Extrusão de Alumínio S.A.;Braga;Braga;471000;471 000 t CO2;Navarra - Extrusão de Alumínio, S.A.;Navarra - Extrusão de Alumínio;Metais;Instalações para tratamento de superfície de metais e materiais plásticos utilizando um processo electrolítico ou químico;0.691934773;2017
20;CELTEJO, Empresa de Celulose do Tejo,S.A.;Vila Velha de Ródão;Castelo Branco;465000;465 000 t CO2;CELTEJO - Empresa de Celulose do Tejo, S. A. → Altri Group;Altri Group;Papel;"Os valores no ETS 2018 são diferentes dos valores no PRTR; Instalações industriais para a produção de pasta de papel a partir de madeira ou materiais fibrosos similares";0.683120317;2017
21;Campoaves - Unidade de Transformação de Subprodutos;Figueira da Foz;Coimbra;394440.2;390 000 t CO2 + 14.9t N2O;CAMPOAVES – Aves do Campo, SA →  Grupo Lusiaves;Grupo Lusiaves;Carnes;Processamento e conservação de carne e produção de produtos à base de carne ( a unidade apresenta duas linhas de transformação de carne, duas linhas de transformação de penas e uma linha de transformação de sangue);0.579462612;2017
22;Indústria Mineral - Prod Cales não Hidraulicas;Alcanede;Santarém;384566;;Lusical - Companhia Lusitana de Cal S.A →  grupo Lhoist;Grupo Lhoist;Construção;Instalações para a produção de cal viva e cal hidratada;0.564956662;2018
23;Central de Valorização Energética e Confinamento Técnico;Maia;Porto;361000;361 000 t CO2;Lipor-Serviço Intermunicipalizados de Gestão Resíduos Grande Porto;Lipor;Resíduos;Instalações para a incineração de resíduos não perigosos;0.530336418;2017
24;Fábrica Maceira-Liz;Maceira;Leiria;354069;CO2;CMP-Cimentos Maceira e Pataias, S.A. → Secil S.A.;SECIL;Construção;Instalações para a produção de cimento clínquer em fornos rotativos;0.520154253;2018
25;About The Future – Unidade do Complexo Industrial de Setúbal da Navigator;Setúbal;Setúbal;306179;;About The Future-Empresa Produtora de Papel S.A. → The Navigator Company;The Navigator Company;Papel;Este valor poderá estar incluído nas emissões totais do Complexo Industrial de Setúbal da Navigator;0.449800206;2018
26;Central Termoeléctrica a Biomassa da Figueira da Foz;Figueira da Foz;Coimbra;293691.8;288 000 t CO2 + 19.1 t N2O;Celulose Beira Industrial (Celbi) S.A → Altri Group;Altri Group;Energia - Centrais térmicas e outras instalações de combustão;"Tecnologia: Caldeira + Turbina a Vapor; Combustível: DM + GN";0.43145556;2017
27;Europa&c Energia Viana, S.A.;Deocriste;Viana do Castelo;286880;;Europa&c Energia Viana, S.A.;Europac;Energia - Combustão de combustíveis nas instalações;Este valor poderá estar incluído nas emissões totais do Europac Kraft Viana;0.421448509;2018
28;Aeroporto Internacional Humberto Delgado;Lisboa;Lisboa;284688;281554 t CO2, 30 t CH4, 8 t N2O;Vinci;Vinci;Transportes - aviação;;0.418228294;2017
29;SPCG - Sociedade Portuguesa de Co-Geração Eléctrica, SA;Setúbal;Setúbal;284000;284 000 t CO2;SPCG - Sociedade Portuguesa de Co-Geração Eléctrica, SA;SPCG - Sociedade Portuguesa de Co-Geração Eléctrica;Energia - Produção, transmissão e distribuição de energia eléctrica;"Tecnologia: Caldeira + Turbina a Vapor; Combustível: DM + GN + GO";0.41721757;2017
30;CIMPOR - Centro de Produção de Loulé;Loulé;Faro;273000;273 000 t CO2;CIMPOR Portugal SGPS S.A. → OYAK Cement Group;CIMPOR;Construção;;0.401057735;2017
31;Fábrica Cibra – Pataias;Pataias, Alcobaça;Leiria;273000;273 000 t CO2;CMP-Cimentos Maceira e Pataias, S.A. → Secil S.A.;SECIL;Construção;;0.401057735;2017
32;Repsol-Produção de Electricidade e Calor - ACE;Sines;Setúbal;260000;260 000 t CO2;REPSOL - Produção de Electricidade e Calor ACE;REPSOL;Energia - Centrais térmicas e outras instalações de combustão;Valores diferentes dos registos das emissões do Complexo de Petroquímico da Repsol → não é claro se está englobado no valor total do complexo ou se é referente a emissões de outra fonte;0.381959747;2017
33;Central Térmica da Vitória;Funchal;Ilha da Madeira;233105;;Empresa de Electricidade da Madeira, S.A;Empresa de Electricidade da Madeira;Energia - Combustão de combustíveis nas instalações;;0.34244895;2018
34;Caima - Indústria de Celulose, S.A.;Constância;Santarém;231000;231 000 t CO2;Caima-Industria de Celulose SA → Altri group;Altri Group;Papel;Instalações industriais para a produção de pasta de papel a partir de madeira ou materiais fibrosos similares;0.339356545;2017
35;Central de Cogeração da Soporgen de Lavos;Lavos, Figueira da Foz;Coimbra;182000;182 000 t CO2;PortucelSoporcel Cogeração de Energia, S.A. --> Soporgen - Sociedade Portuguesa Geração de Electricidade e Calor S.A. em Edifício Fabril da Soporcel - Central Electrica, 3090-458 Costa de Lavos;The Navigator Company;Energia - Produção, transmissão e distribuição de energia eléctrica;"Tecnologia: Co-geração. Ciclo Combinado; Combustível: GN";0.267371823;2017
36;Soporcel;Figueira da Foz;Coimbra;174470;;Soporcel - Sociedade Portuguesa de Papel, SA;The Navigator Company;Papel;Produção de papel ou cartão;0.256309681;2018
37;RESPOL, Resinas, S.A.;Pinheiros;Leiria;158000;158 000 t CO2;Respol, Resinas, S.A.;REPSOL;Químicos;Instalações químicas para a produção à escala industrial de produtos químicos orgânicos básicos: Materiais plásticos de base (polímeros, fibras sintéticas e fibras à base de celulose);0.232114;2017
38;Soporcel Pulp;Figueira da Foz;Coimbra;153311;;Soporcel Pulp - Sociedade Portuguesa de Celulose, S.A.;The Navigator Company;Papel;Produção de pasta de papel;0.225225503;2018
39;Aterro Sanitário da Raposa;Almeirim;Santarém;149250;5970 t CH4;ECOLEZIRIA - Empresa Intermunicipal para Tratamento de Resíduos Sólidos, EIM;ECOLEZIRIA;Resíduos;Tratamento e eliminação de resíduos;0.219259586;2017
40;Central Termoeléctrica do Caldeirão;Ribeira Grande, Pico da Pedra;Ilha de São Miguel, Açores;144395;144 395 t CO2;Electricidade dos Açores S.A. - EDA;Electricidade dos Açores;Energia - Centrais térmicas e outras instalações de combustão;Combustível: FO + GO;0.212127222;2017
41;Santos Barosa vidros SA;Marinha Grande;Leiria;135476;CO2;Santos Barosa - Vidros, S.A. → Vidrala Group;Vidrala Group;Vidro;Instalações para o fabrico de vidro, incluindo fibra de vidro;0.199024534;2018
42;Central Térmica do Caniçal;Caniçal, Machico;Ilha da Madeira;132009;132 000 t CO2;AIE - Atlantic Islands Electricity (Madeira), S.A.;Atlantic Islands Electricity;Energia - Centrais térmicas e outras instalações de combustão;Centra de Cogeração: produção de energia eléctrica térmica e produz vapor. Combustível: FO + GO + GN;0.193931247;2017
43;Aterro Sanitário do Sotavento – Loulé;Loulé;Faro;121250;4850 t CH4;ALGAR - Valorização e Tratamento de Resíduos Sólidos, SA;ALGAR - Valorização e Tratamento de Resíduos Sólidos;Resíduos;Tratamento e eliminação de resíduos;0.178125459;2017
44;Central de Cogeração de Fisigen do Barreiro;Lavradio, Barreiro;Setúbal;119883;;Fisigen - Empresa de Cogeração, S.A. → EDP;EDP;Energia e Textil - Combustão de combustíveis nas instalações;Central insere-se na zona industrial do Lavradio, estando localizada no interior do perímetro industrial da SGL Composites S.A. (produtora europeia de fibras acrílicas);0.176117232;2018
45;Indorama Ventures Portugal Utility (antigo Centro de Utilidades Industriais Artelia Ambiente);Sines;Setúbal;114862;;Indorama Ventures Portugal PTA, Unipessoal Lda.;Indorama Ventures Portugal;Químicos - Combustão de combustíveis nas instalações;;0.168741002;2018
46;Aeroporto Francisco Sá Carneiro;Maia;Porto;109535;108341 t CO2, 12 t CH4, 3 t N2O;Vinci;Vinci;Transportes - aviação;;0.160915234;2017
47;Celulose Beira Industrial (Celbi), S.A.;Figueira da Foz;Coimbra;104555;1 040 000 t CO2 + 22.2t N2O;Celulose Beira Industrial (Celbi), S.A → Altri Group;Altri Group;Papel;"Os valores no ETS 2018 são diferentes dos valores no PRTR;  Instalações industriais para a produção de pasta de papel a partir de madeira ou materiais fibrosos similares";0.153599236;2017
48;Fábrica de Avintes;Avintes, Vila Nova de Gaia;Porto;99891;;BA Vidro, S.A.;BA Vidro;Vidro;Instalações para o fabrico de vidro, incluindo fibra de vidro;0.146747466;2018
49;Unidade de Portimão;Portimão;Faro;97000;3880 t CH4;ALGAR - Valorização e Tratamento de Resíduos Sólidos, SA;ALGAR;Resíduos;Tratamento e eliminação de resíduos;0.142500367;2017
50;Central Térmica do Belo Jardim;Praia da Vitória;Ilha Terceira, Açores;91860;;Electricidade dos Açores, S.A.;Electricidade dos Açores;Energia - Combustão de combustíveis nas instalações;;0.134949317;2018
51;Fábrica da Marinha Grande;Avintes, Marinha Grande;Leiria;88572;;BA Vidro, S.A.;BA Vidro;Vidro;Instalações para o fabrico de vidro, incluindo fibra de vidro;0.130118995;2018
52;Saint-Gobain Mondego, SA;Figueira da Foz;Coimbra;88515;;Saint-Gobain Mondego, SA (marca Veralia Portugal S.A.);Saint-Gobain;Vidro;Instalações para o fabrico de vidro, incluindo fibra de vidro;0.130035258;2018
53;Fábrica da Venda Nova;Venda Nova, Amadora;Lisboa;86215;;BA Vidro, S.A.;BA Vidro;Vidro;Instalações para o fabrico de vidro, incluindo fibra de vidro;0.126656383;2018
54;SN SEIXAL - Siderurgia Nacional,S.A;Paio Pires, Seixal;Setúbal;85707;;SN Seixal Siderurgia Nacional,SA → Megasa group;Megasa Group;Ferro e Aço;" esta fábrica é especializada no fabrico de fio-máquina de baixo, médio e alto carbono. A flexibilidade da sua unidade industrial permite-lhe oferecer também varão de aço nervurado para armadura de betão, em diferentes apresentações; barra, bobine, spool e carrete.";0.125910093;2018
55;Gallo Vidro;Marinha Grande;Leiria;80650;;GALLOVIDRO, S.A. -> Vidrala;Vidrala;Vidro;Instalações para o fabrico de vidro, incluindo fibra de vidro;0.118480975;2018
56;Aeroporto Internacional de Faro;Faro;Faro;75573;74802 t CO2, 7 t CH4, 2 t N2O;Vinci;Vinci;Transportes - aviação;;0.111022477;2017
57;Porto de Lisboa;Lisboa;Lisboa;69138.5;68385 t CO2, 6.3 t CH4, 2 t N2O;Público/Estado;Público/Estado;Transportes - navegação;;0.101569708;2017
58;Aterro para resíduos industriais não perigosos da Chamusca;Chamusca;Santarém;67750;2710 t CH4;RIBTEJO - Tratamento e Valorização de Resíduos Industriais, S.A.;RIBTEJO - Tratamento e Valorização de Resíduos Industriais;Resíduos;Tratamento e eliminação de resíduos;0.099529896;2017
59;Microlime - Fábrica de Fátima;Aldeia de Paio Pires, Seixal;Setúbal;65261;;MICROLIME - Produtos de Cal e Derivados, S.A.;MICROLIME - Produtos de Cal e Derivados;Construção;produção de cimento clínquer;0.095873366;2018
60;Porto de Leixões;Matosinhos;Porto;63194;62448 t CO2, 6 t CH4, 2 t N2O;Público/Estado;Público/Estado;Transportes - navegação;;0.092836786;2017
61;Ecoparque da Ilha de S. Miguel;Ponta Delgada;Ilha de São Miguel, Açores;62750;2510 t CH4;MUSAMI - Operações Municipais do Ambiente E.I.M., S.A;MUSAMI;Resíduos;Tratamento e eliminação de resíduos;0.092184516;2017
62;Centro de Produção de Estarreja;Estarreja;Aveiro;61533;;"Air Liquide: Sociedade Portuguesa do Ar Líquido ""ARLIQUIDO"" LDA";Air Liquide;Energia - produção de Hidrogénio;;0.090396651;2018
63;UPCB - Unidade de Produção de Celorico de Basto - Resinorte (Aterro, Triagem e TM);Celorico de Basto;Braga;56250;2250 t CH4;RESINORTE - Valorização e Tratamento de Resíduos Sólidos, S.A.;RESINORTE;Resíduos;Tratamento e eliminação de resíduos;0.082635522;2017
64;Renova - Fábrica de Papel do Almonda, S.A. - Fábrica 2;Torres Novas;Santarém;53885;;Renova - Fábrica de Papel do Almonda, S.A.;Renova;Papel;Instalações industriais para a produção de papel e cartão e outros produtos de madeira primária (tais como aglomerado de partículas, cartão de fibras e contraplacado);0.079161158;2018
65;UPRA – Aterro Sanitário de Santo Tirso - Resinorte (Aterro);Santo Tirso;Porto;53250;2130 t   CH4;RESINORTE - Valorização e Tratamento de Resíduos Sólidos, S.A.;RESINORTE;Resíduos;Tratamento e eliminação de resíduos;0.078228294;2017
66;SN MAIA - Siderurgia Nacional, S.A;S. Pedro de Fins, Maia;Porto;53091;;SN Maia - Siderurgia Nacional, SA → Megasa Grupo;Megasa Group;Ferro e Aço;produtora de aço nervurado em varão;0.077994711;2018
67;Dow Portugal, Produtos Químicos, S.U.L;Estarreja;Aveiro;52842;;DOW Portugal, Produtos Químicos, SUL;DOW;Químicos - Combustão de combustíveis nas instalações;produz MDI (metil difenil isocianato), matéria prima essencial para a produção de poliuretano;0.077628911;2018
68;Parque de Gestão Ambiental;;Évora;50000;2000 t CH4;GESAMB-Gestão Ambiental e de Resíduos, EIM;GESAMB-Gestão Ambiental e de Resíduos;Resíduos;Tratamento e eliminação de resíduos;0.073453798;2017
69;Companhia Térmica Tagol, Lda;Almada;Setúbal;47177;;Companhia Térmica Tagol, Lda;Companhia Térmica Tagol;Energia e Comida - Combustão de combustíveis nas instalações;"Esta unidade encontra-se localizada no interior das instalações da Sovena, Oilseeds Portugal, S.A, sendo todo o vapor utilizado por esta;";0.069306596;2018
70;Unidade da Resulima - Viana do Castelo (Aterro e Triagem);;Viana do Castelo;42250;1690 t CH4;Resulima - Valorização e Tratamento de Resíduos Sólidos, S. A.;Resulima - Valorização e Tratamento de Resíduos Sólidos;Resíduos;Tratamento e eliminação de resíduos;0.062068459;2017
71;Parque Ambiental do Nordeste Transmontano (PANT);Vila Flor;Bragança;41000;1640 t CH4;Residuos do Nordeste, EIM;Residuos do Nordeste;Resíduos;Tratamento e eliminação de resíduos;0.060232114;2017
72;UPCB - Aterro Sanitário de Vila Real - Resinorte (Aterro);;Vila Real;41000;1640 t CH4;RESINORTE - Valorização e Tratamento de Resíduos Sólidos, S.A.;RESINORTE;Resíduos;Tratamento e eliminação de resíduos;0.060232114;2017
73;Aeroporto João Paulo II (Ponta Delgada);Ponta Delgada;Ilha de São Miguel, Açores;39106;38733 t CO2, 3 t CH4, 1 t N2O;Vinci;Vinci;Transportes - aviação;;0.057449684;2017
74;Crisal - Cristalaria Automática, S.A.;Marinha Grande;Leiria;38816;;Crisal - Cristalaria Automática, S.A. → Libbey Inc.;Libbey;Vidro;Instalações para o fabrico de vidro, incluindo fibra de vidro;0.057023652;2018
75;Unidade do Seixal - AMARSUL;Seixal;Setúbal;37750;1510 t CH4;AMARSUL - Valorização e Tratamento de Resíduos Sólidos, S.A.;AMARSUL;Resíduos;Tratamento e eliminação de resíduos;0.055457617;2017
76;Prado-Cartolinas da Lousã, S.A;Lousã;Coimbra;37125;;Prado-Cartolinas da Lousã, S.A;Prado-Cartolinas da Lousã;Papel;;0.054539445;2018
77;Cogeração Enerlousado – Continental Mabor;Vila Nova de Famalicão;Porto;36884;;Enerlousado, Recursos Energéticos Unipessoal, Lda;Enerlousado, Recursos Energéticos Unipessoal;Energia/Automóvel - Combustão de combustíveis nas instalações;central de  cogeração  destinada  à  produção de  energia  elétrica  e  de  energia  térmica  sob  a  forma  de  vapor. O vapor produzido na unidade é utilizado, na sua totalidade, no processo produtivo da Continental Mabor;0.054185397;2018
78;Unidade da Resialentejo (Aterro e Triagem);;Beja;36750;1470 t CH4;RESIALENTEJO - Tratamento e Valorização de Resíduos, E.I.M.;RESIALENTEJO;Resíduos;Tratamento e eliminação de resíduos;0.053988541;2017
79;RAR-Cogeração Unipessoal Lda;;Porto;36539;;RAR-Cogeração Unipessoal Lda;RAR;Energia - Combustão de combustíveis nas instalações;;0.053678566;2018
80;Saint-Gobain Weber Portugal Unidade Avelar;Avelar;Leiria;36505;;Saint-Gobain Weber Portugal, SA;Saint-Gobain;Cerâmica;;0.053628618;2018
81;Aeroporto Internacional da Madeira;Santa Cruz;Ilha da Madeira;35014.6;34731 t CO2, 3 t CH4, 0.7 t N2O;Público/Estado;;Transportes - aviação;;0.051439107;2017
82;Indorama Ventures PTA (antiga Artlant PTA - Purified Terephtalic Acid);Sines;Setúbal;34653;;Indorama Ventures Portugal PTA, Unipessoal Lda.;Indorama Ventures Portugal;Químicos - Produção de produtos químicos orgânicos a grande escala;;0.050907889;2018
83;Porto de Ponta Delgada;Ponta Delgada;Ilha de São Miguel, Açores;33095.2;32752 t CO2, 3 t CH4, 0.9 t N2O;Público/Estado;Público/Estado;Transportes - navegação;;0.048619362;2017
84;SCC-Sociedade Central de Cervejas e Bebidas, S.A.;Vialonga;Lisboa;31801;;SCC-Sociedade Central de Cervejas e Bebidas, S.A.;SCC-Sociedade Central de Cervejas e Bebidas;Comida;fabricação de refrigerantes e cerveja;0.046718084;2018
85;Aterro para resíduos industriais não perigosos de Alenquer;Alenquer;Lisboa;31750;1270 t CH4;CME Águas, SA;CME Águas;Resíduos;Tratamento e eliminação de resíduos;0.046643161;2017
86;Complexo Químico de Estarreja;Beduído;Aveiro;31638;;Bondalti Chemicals, SA;Bondalti;Químicos;;0.046478625;2018
87;Bamiso S.A;Estarreja;Aveiro;31608;;Bamiso - Produção E Serviços Energéticos, S.a.;Bamiso;Energia - Combustão de combustíveis nas instalações;Localiza-se no mesmo local que a Companhia Industrial de Resinas Sintéticas, CIRES, Lda;0.046434553;2018
88;Porto de Sines;Sines;Setúbal;31513.4;31200 t CO2, 3 t CH4, 0.8 t N2O;APS - Administração dos Portos de Sines e do Algarve, S.A.;APS - Administração dos Portos de Sines e do Algarve;Transportes - navegação;;0.046295578;2017
89;Central de Cogeração do Parque das Nações;Moscavide;Lisboa;30788;;Climaespaço-Soc. Prod Distr.Urbana Energia Térmica, S.A. → Grupo Engie;Grupo Engie;Energia - Combustão de combustíveis nas instalações;;0.04522991;2018
90;Unigeração Lda.;Pombal;Leiria;30430;;Unigeração Lda.;Unigeração;Energia;Localiza-se no interior do  Parque Industrial de Manuel da Mota;0.044703981;2018
91;Adelino Duarte da Mota, S.A;Meirinhas, Pombal;Leiria;30296;;Adelino Duarte da Mota, S.A → Grupo MCS;Grupo MCS;Construção e Energia - Combustão de combustíveis nas instalações;"
Prospecção, pesquisa, exploração e comercialização de depósitos minerais e massas minerais.Produção de electricidade por co-geração.
";0.044507125;2018
92;Gres Panaria - Unidade industrial/ Divisão Love Tiles;Ílhavo;Aveiro;30225;;Gres Panaria Portugal S.A.;Gres Panaria;Cerâmica;;0.044402821;2018
93;Central Térmica de Santa Bárbara;Horta;Ilha de Santa Bárbara, Açores;30055;;Electricidade dos Açores, S.A.;Electricidade dos Açores;Energia - Combustão de combustíveis nas instalações;;0.044153078;2018
94;Central de Tratamento e Valorização de Resíduos da Ilha Terceira;Angra do Herísmo;Ilha Terceira, Açores;29750;1190 t CH4;TERAMB - Empresa Municipal de Gestão e Valorização Ambiental da Ilha Terceira, EM;TERAMB;Resíduos;Instalações para a incineração de resíduos não perigosos;0.04370501;2017
95;Centro Integrado de Tratamento de Resíduos Industriais Não Perigosos de Setúbal;;Setúbal;29250;1170 t CH4;CITRI-Centro Integrado de Tratamento de Resíduos Industriais, SA;CITRI-Centro Integrado de Tratamento de Resíduos Industriais;Resíduos;Tratamento e eliminação de resíduos;0.042970472;2017
96;Microlime - Fábrica do Seixal;Aldeia de Paio Pires, Seixal;Setúbal;28716;;MICROLIME - Produtos de Cal e Derivados, S.A.;MICROLIME - Produtos de Cal e Derivados;Construção;produção de cimento clínquer;0.042185985;2018
97;Central Termoeléctrica do Pico;S. Roque do Pico;Ilha do Pico, Açores;28431;;Electricidade dos Açores, S.A.;Electricidade dos Açores;Energia - Centrais térmicas e outras instalações de combustão;;0.041767298;2018
98;Recer - Indústria de Revestimentos Cerâmicos, S.A.;Oliveira do Bairro;Aveiro;26637;;Recer - Indústria de Revestimentos Cerâmicos, S.A.;Recer - Indústria de Revestimentos Cerâmicos;Cerâmica;;0.039131776;2018
99;Argex - Argila Expandida, S.A.;Bustos;Aveiro;26442;;Argex - Argila Expandida, S.A.;Argex - Argila Expandida;Cerâmica;;0.038845306;2018
100;Unidade de Palmela - AMARSUL;Palmela;Setúbal;26250;1050 t CH4;AMARSUL - Valorização e Tratamento de Resíduos Sólidos, S.A.;AMARSUL - Valorização e Tratamento de Resíduos Sólidos;Resíduos;Tratamento e eliminação de resíduos;0.038563244;2017
101;Central Térmica do Porto Santo;Porto Santo;Ilha do Porto Santo, Madeira;25818;;Empresa de Electricidade da Madeira, S.A;Empresa de Electricidade da Madeira;Energia - Combustão de combustíveis nas instalações;;0.037928603;2018
102;Calcidrata;Alcanede;Santarém;25757;;Calcidrata;Calcidrata;Construção;produção de cimento clínquer;0.037838989;2018
103;UFAA - Unidade Fabril de Adubos de Alverca;Alverca do Ribatejo;Lisboa;24666;;ADP-Fertilizantes, S.A.;ADP-Fertilizantes;Químicos;Fabrico de produtos químicos básicos, fertilizantes e compostos nitrogenados, plásticos e borracha sintética em formas primárias;0.036236227;2018
104;Aterro Sanitário de Mato da Cruz;Loures;Lisboa;24075;963 t CH4;Valorsul - Valorização e Tratamento de Resíduos Sólidos das Regiões de Lisboa e do Oeste, S.A.;Valorsul - Valorização e Tratamento de Resíduos Sólidos das Regiões de Lisboa e do Oeste;Resíduos;Tratamento e eliminação de resíduos;0.035368004;2017
105;Preceram - unidades industriais de produção de tijolo cerâmico;Pombal;Leiria;23498;14169 + 9329;Preceram - Indústrias de Construção, SA;Preceram - Indústrias de Construção;Cerâmica;Têm 2 entradas na ETS, com valores diferentes mas ambas localizadas em Pombal. Contudo a empresa tem 2 fábricas, uma em pombal e outra em Águeda;0.034520347;2018
106;UFAL - Unidade Fabril do Lavradio;Barreiro;Setúbal;22857;;ADP - Fertilizantes, S.A.;ADP - Fertilizantes;Químicos;Fabrico de produtos químicos básicos, fertilizantes e compostos nitrogenados, plásticos e borracha sintética em formas primárias;0.033578669;2018
107;Sidul Açucares, Unipessoal, Lda;Santa Iria de Azóia;Lisboa;22779;;Sidul Açucares, Unipessoal, Lda;Sidul Açucares;Comida;Combustão de combustíveis nas instalações;0.033464081;2018
108;Fábrica de Benavente - IDAL;Benavente;Santarém;22455;;SUGAL - Alimentos, S.A. Indústrias de Alimentação IDAL, Lda;SUGAL - Alimentos;Comida;Combustão de combustíveis nas instalações;0.0329881;2019
109;Centro de Tratamento de Resíduos do Oeste - CTRO;Cadaval e Alenquer;Lisboa;22425;897 t CH4;Valorsul - Valorização e Tratamento de Resíduos Sólidos das Regiões de Lisboa e do Oeste, S.A.;Valorsul - Valorização e Tratamento de Resíduos Sólidos das Regiões de Lisboa e do Oeste;Resíduos;Tratamento e eliminação de resíduos;0.032944028;2017
110;UPLA - Unidade de Produção de Lamego - Resinorte (Aterro e Triagem);Lamego;Viseu;22375;895 t CH4;RESINORTE - Valorização e Tratamento de Resíduos Sólidos, S.A.;RESINORTE;Resíduos;Tratamento e eliminação de resíduos;0.032870574;2017
111;Navigator - polo Vila velha de Ródão;Vila Velha de Ródão;Castelo Branco;20879;;Navigator Tissue Ródão, S.A.;The Navigator Company;Papel;;0.030672837;2018
112;Unidade Avis - Valnor (Aterro, TMB, Triagem e CDR);Alcórrego;Portalegre;20550;822 t CH4;VALNOR, Valorização e Tratamento de Resíduos Sólidos, S.A.;VALNOR, Valorização e Tratamento de Resíduos Sólidos;Resíduos;Tratamento e eliminação de resíduos;0.030189511;2017
113;Unidade da Valorminho (Aterro e Triagem);Valença;Viana do Castelo;20425;817 t CH4;valorminho-valorização e tratamento de resíduos sólidos S.A;valorminho-valorização e tratamento de resíduos sólidos;Resíduos;Tratamento e eliminação de resíduos;0.030005876;2017
114;Aeroporto Internacional das Lajes (Praia da Vitória);Lajes, Praia da Vitória;Ilha Terceira, Açores;20226.7;20070 t CO2, 1.5 t CH4, 0.4 t N2O;Público/Estado;Público/Estado;Transportes - aviação;;0.029714559;2017
115;Lusosider - Aços Planos, S.A.;Aldeia de Paio Pires, Seixal;Setúbal;20176;;Lusosider - Aços Planos, S.A.;Lusosider - Aços Planos;Ferro e Aço;"Combustão de combustíveis nas instalações; na instalação produz-se chapa galvanizada, chapa decapada e oleada";0.029640076;2018
116;Roca SA;Colmeias;Leiria;20123;;ROCA, S.A.;ROCA;Cerâmica;;0.029562215;2018
117;Aterro Sanitário - Monte de São Martinho;;Castelo Branco;19700;788t CH4;VALNOR, Valorização e Tratamento de Resíduos Sólidos, S.A.;VALNOR, Valorização e Tratamento de Resíduos Sólidos;Resíduos;Tratamento e eliminação de resíduos;0.028940796;2017
118;"Gres Panaria - Unidade industrial/ Divisão ""Margres""";Ílhavo;Aveiro;19374;;Gres Panaria Portugal S.A.;Gres Panaria;Cerâmica;;0.028461877;2018
119;Iberol-Sociedade Ibérica de Biocombustíveis e Olea;Alhandra, Vila Franca de Xira;Lisboa;18870;;Iberol - Sociedade Ibérica de Biocombustíveis e Olea;Iberol;Comida;"Extração de óleo a partir de semente de soja e produção da respetiva farinha; Combustão de combustíveis nas instalações";0.027721463;2018
120;CS - Coelho da Silva, S. A.;Albergaria, Juncal;Leiria;18821;;CS - Coelho da Silva, S. A.;CS - Coelho da Silva;Cerâmica;;0.027649478;2018
121;Volkswagen Autoeuropa, Lda;Quinta do Anjo, Palmela;Setúbal;18076;;Volkswagen Autoeuropa,Lda;Volkswagen Autoeuropa;Automóveis;Combustão de combustíveis nas instalações;0.026555017;2018
122;Sovena Oilseeds Portugal, S.A.;Almada;Setúbal;18071;;Sovena Oilseeds Portugal, S.A.;Sovena Oilseeds Portugal;Comida;Combustão de combustíveis nas instalações;0.026547672;2018
123;Porto de Setúbal;;Setúbal;17768;17569 t CO2, 2 t CH4, 0.5 t N2O;Público/Estado;Público/Estado;Transportes - navegação;;0.026102542;2017
124;Termolan, S.A. - Unidade 2;Vila das Aves, Santo Tirso;Porto;17598;;Termolan - Isolamentos Termo-Acústicos, S.A.;Termolan - Isolamentos Termo-Acústicos;Construção;"Combustão de combustíveis nas instalações; fabricação de lã de rocha para isolamento térmico, acústico e de proteção ao fogo.";0.025852799;2018
125;Centro Integrado de Tratamento e Eliminação de Resíduos da Planalto Beirão (Aterro, Triagem e TMB);Tondela;Viseu;17050;345 + 337 t CH4;Associação de Municipios da Região do Planalto Beirão;Associação de Municipios da Região do Planalto Beirão;Resíduos;"valor acidental de 337t em 2017 mas valores de anos anteriores muito mais altos por norma; Tratamento e eliminação de resíduos";0.025047745;2017
126;Gyptec Ibérica - Gessos Técnicos, S.A.;Figueira da Foz;Coimbra;16543;;Gyptec Ibérica - Gessos Técnicos, S.A. -> Grupo Preceram;Grupo Preceram;Construção;Fabricação de produtos de gesso para a construção;0.024302923;2018
127;Porto do Caniçal;Caniçal, Machico;Ilha da Madeira;16519.2;16316 t CO2, 1 t CH4, 0.4 t N2O;Público/Estado;Público/Estado;Transportes - navegação;;0.024267959;2017
128;Aterro de Resíduos Não Perigosos de Beja;;Beja;16500;660 t CH4;" Lena Ambiente - Gestão de Resíduos, SA";Lena Ambiente - Gestão de Resíduos;Resíduos;Tratamento e eliminação de resíduos;0.024239753;2017
129;Sanitana - Fabrica de Sanitarios de Anadia;Anadia;Aveiro;16499;;Sanitana - Fabrica de Sanitarios de Anadia, SA;Sanitana - Fabrica de Sanitarios de Anadia;Cerâmica;;0.024238284;2018
130;Unicer- Central Prod Comb Calor Elect,Leça do Balio;S. Mamede Infesta. Matosinhos;Porto;16228;;Unicer, Energia e Ambiente, S.A.;Unicer;Energia - Combustão de combustíveis nas instalações;;0.023840165;2018
131;GRESART - Cerâmica Industrial, SA;Oliveira do Bairro;Aveiro;16200;;GRESART - Cerâmica Industrial, S.A.;GRESART - Cerâmica Industrial;Cerâmica;;0.02379903;2018
132;Luso Finsa - Indústria e Comercio de Madeiras S.A;Nelas;Viseu;16174;;Luso Finsa - Indústria e Comercio de Madeiras S.A.;Luso Finsa - Indústria e Comercio de Madeiras;Madeira;Combustão de combustíveis nas instalações;0.023760834;2018
133;CINCA - Unidade de Produção de Fiães;Fiães, Santa Maria da Feira;Aveiro;16072;;CINCA - Companhia Industrial de Cerâmica, S.A.;CINCA - Companhia Industrial de Cerâmica;Cerâmica;;0.023610989;2018
134;Copam, S.A.;São João da Talha, Loures;Lisboa;15704;;Copam - Companhia Portuguesa de Amidos, S.A.;Copam - Companhia Portuguesa de Amidos;Comida;Combustão de combustíveis nas instalações;0.023070369;2018
135;Unidade Industrial do Outeiro;Outeiro da Cabeça, Torres Vedras;Lisboa;15368;;CT - Cobert Telhas, S.A.;CT - Cobert Telhas;Cerâmica;;0.022576759;2018
136;Pronicol - Instalação Industrial Quinta de S. Luís;Angra do Heroísmo;Ilha Terceira, Açores;15234;;Pronicol, Produtos Lácteos, S. A.;Pronicol, Produtos Lácteos;Comida;Combustão de combustíveis nas instalações;0.022379903;2018
137;" UPRA – Aterro Sanitário de Guimarães - Resinorte (Aterro)";Guimarães;Braga;15100;604 t CH4;RESINORTE - Valorização e Tratamento de Resíduos Sólidos, S.A.;RESINORTE;Resíduos;Tratamento e eliminação de resíduos;0.022183047;2017
138;Revigrés (Porcelanato);Águeda;Aveiro;14755;;Revigrés - Indústria de revestimentos de Grés, Lda;Revigrés;Cerâmica;;0.021676216;2018
139;Termolan, S.A. - Unidade 1;Vila das Aves, Santo Tirso;Porto;14665;;Termolan - Isolamentos Termo-Acústicos, S.A.;Termolan - Isolamentos Termo-Acústicos;Construção;"Combustão de combustíveis nas instalações; fabricação de lã de rocha para isolamento térmico, acústico e de proteção ao fogo.";0.021543999;2018
140;Porto do Funchal;Funchal;Ilha da Madeira;14484.2;14340 t CO2, 1 t CH4, 0.4 t N2O;Público/Estado;Público/Estado;Transportes - navegação;;0.02127839;2017
141;Italagro-Ind.Transf. de Produtos Alimentares, SA;Castanheira do Ribatejo;Lisboa;14177;;Italagro-Ind.Transf.Prod.Alimentares, SA;Italagro;Comida;Combustão de combustíveis nas instalações;0.02082709;2018
142;Preceram - Norte, Cerâmicas, SA;Aguada de Baixo, Águeda;Aveiro;13521;;Preceram - Norte, Cerâmicas, SA;Grupo Preceram;Cerâmica;;0.019863376;2018
143;Aleluia Cerâmicas SA - Unidade Fabril de Ílhavo;Ílhavo;Aveiro;13359;;Aleluia Cerâmicas SA;Aleluia Cerâmicas;Cerâmica;;0.019625386;2018
144;UMBELINO MONTEIRO,SA;Meirinhas, Pombal;Leiria;12436;;UMBELINO MONTEIRO,SA;UMBELINO MONTEIRO;Cerâmica;;0.018269429;2018
145;Dominó - Industrias Cerâmicas S.A.;Sebal, Condeixa-a-Nova;Coimbra;12425;;Dominó, Industrias Cerâmicas S.A;Dominó, Industrias Cerâmicas;Cerâmica;;0.018253269;2018
146;Unidade fabril Grespor;Almas Domingas, Anadia;Aveiro;12341;;Pavigrés Cerâmicas, S.A.;Pavigrés Cerâmicas;Cerâmica;;0.018129866;2018
147;SECIL Martingança, S.A.;Maceira;Leiria;12146;;SECIL Martingança, S.A.;SECIL;Construção;produção de cimento clínquer;0.017843397;2018
148;Unidade Fabril Cerev;Almas Domingas, Mealhada;Aveiro;12144;;Pavigrés Cerâmicas, S.A.;Pavigrés Cerâmicas;Cerâmica;;0.017840458;2018
149;Cerâmica Torreense - 5 units;Outeiro da Cabeça, Torres Vedras;Lisboa;12124;;Cerâmica Torreense;Cerâmica Torreense;Cerâmica;18 (U1) + 10147 (U3) + 1959 (U4 e U5);0.017811077;2018
150;Unidade de Sermonde - Aterro Sanitário de Vila Nova de Gaia e Santa Maria da Feira;Vila Nova de Gaia;Porto;11875;475 t CH4;Suldouro - Valorização e Tratamento de Resíduos Sólidos Urbanos, S.A.;Suldouro - Valorização e Tratamento de Resíduos Sólidos Urbanos;Resíduos;Tratamento e eliminação de resíduos;0.017445277;2017
151;Lactogal-Unidade Fabril de Vila do Conde;Vila do Conde;Porto;11744;;Lactogal - Produtos Alimentares, S.A.;Lactogal;Comida;Combustão de combustíveis nas instalações;0.017252828;2018
152;Fábrica de Azambuja;Azambuja;Lisboa;11717;;SUGAL - Alimentos, S.A.;SUGAL - Alimentos;Comida;"Combustão de combustíveis nas instalações; os valores de 2018 são substancialmente inferiores aos de 2019, 2017 ou 2016";0.017213163;2019
153;Cemopol Celuloses Moldadas Portuguesas, Lda;Pombal;Leiria;11715;;Cemopol Celuloses Moldadas Portuguesas, Lda;Cemopol Celuloses Moldadas Portuguesas;Papel;localizado no parque Industrial Manuel da Mota;0.017210225;2018
154;Riopele Unidade;Pousada de Saramagos;Braga;11643;;Riopele-Têxteis, S.A.;Riopele-Têxteis;Textil;Combustão de combustíveis nas instalações;0.017104451;2018
155;MGC - Acabamentos Têxteis, S.A.;Ronfe;Braga;11590;;MGC - Acabamentos Têxteis, S.A. -> TMG Group;TMG Group;Textil;;0.01702659;2018
156;PAPER PRIME;Vila Velha de Rodão;Castelo Branco;11448;;PAPER PRIME, S.A.;PAPER PRIME;Papel;;0.016817981;2018
157;Cerâmica das Quintãs, Lda.;Oliveirinha;Aveiro;11347;;Cerâmica das Quintãs, Lda.;Cerâmica das Quintãs;Cerâmica;;0.016669605;2018
158;Sistema de Resíduos Sólidos da AMCAL;Cuba;Beja;11250;450 t CH4;AMCAL-ASSOCIAÇÃO DE MUNICÍPIOS DO ALENTEJO CENTRAL;AMCAL-ASSOCIAÇÃO DE MUNICÍPIOS DO ALENTEJO CENTRAL;Resíduos;Tratamento e eliminação de resíduos;0.016527104;2017
159;Soladrilho, SA;Entroncamento;Santarém;10982;;Soladrilho, SA;Soladrilho;Cerâmica;;0.016133392;2018
160;Solcer - Empresa CerÂmica, S.A.;Oliveira do Bairro;Aveiro;10924;;Solcer - Empresa Cerâmica, S.A.;Solcer - Empresa Cerâmica;Cerâmica;;0.016048186;2018
161;Vale de Tábuas - Tinturaria e Acabamentos de Tecidos;Santo Tirso;Porto;10747;;Tinturaria e Acabamentos de Tecidos Vale de Tábuas Lda;Tinturaria e Acabamentos de Tecidos Vale de Tábuas;Textil;Combustão de combustíveis nas instalações;0.015788159;2017
162;Fortissue - Produção de Papel;Alvarães;Viana do Castelo;10572;;FORTISSUE - Produção de Papel, S.A.;FORTISSUE;Papel;;0.015531071;2018
163;Papeleira Coreboard, S.A.;S.Paio Oleiros, Santa Maria da Feira;Aveiro;10432;;Papeleira Portuguesa, S.A.;Papeleira Portuguesa;Papel;;0.0153254;2018
164;Sanindusa - Indústria de Sanitários, S.A. (C1/C2);Mamodeiro;Aveiro;10344;;Sanindusa - Indústria de Sanitários, S.A.;Sanindusa - Indústria de Sanitários;Cerâmica;;0.015196122;2018
165;Herdade da Pernada - F.I.T.;Palmela;Setúbal;9855;;F.I.T. - Fomento da Indústria do Tomate, S.A.;F.I.T. - Fomento da Indústria do Tomate;Comida;Combustão de combustíveis nas instalações;0.014477743;2018
166;Aeroporto da Horta;Horta;Ilha do Faial, Açores;9400.6;9336 t CO2,0.7 t CH4, 0.2 t N2O;Vinci;Vinci;Transportes - aviação;;0.013810195;2017
167;Campil - Agro Industrial do Campo do Tejo, Lda.;Vale da Pedra, Cartaxo;Santarém;9372;;Campil - Agro Industrial do Campo do Tejo, Lda.;Campil - Agro Industrial do Campo do Tejo;Comida;Combustão de combustíveis nas instalações;0.01376818;2018
168;Aterro Intermunicipal da Ilha do Pico;Madalena, São Caetano;Ilha do Pico, Açores;9100;364 t CH4;Associação de Municípios da Ilha do Pico;Associação de Municípios da Ilha do Pico;Resíduos;Tratamento e eliminação de resíduos;0.013368591;2017
169;CINCA - Unidade de Produção da Mealhada;Vacariça, Mealhada;Aveiro;8961;;CINCA - Companhia Industrial de Cerâmica, S.A.;CINCA - Companhia Industrial de Cerâmica;Cerâmica;;0.01316439;2018
170;Porto de Aveiro;Gafanha da Nazaré;Aveiro;8904.6;8825 t CO2, 0.8 t CH4, 0.2 t N2O;Público/Estado;Público/Estado;Transportes - navegação;;0.013081534;2017
171;Aterro de Resíduos Não Perigosos de Castelo Branco;Castelo Branco;Castelo Branco;8875;355 t CH4;Lena Ambiente II;Lena Ambiente;Resíduos;Tratamento e eliminação de resíduos;0.013038049;2017
172;Goldenpig - Produção Suinícola, Lda;" Montemor-o-novo";Évora;8575;343 t CH4;Goldenpig - Produção Suinícola, Lda;Goldenpig - Produção Suinícola;Carnes;Com 2 000 lugares para suínos de produção (mais de 30kg);0.012597326;2017
173;Herdade da Daroeira;Santiago do Cacém;Beja;8523;13,5 t N2O + 180 t CH4;Sociedade Agrícola da Quinta da Freiria, S.A.;Sociedade Agrícola da Quinta da Freiria;Carnes;Instalações para a criação intensiva de aves de capoeira com 40.000 lugares para aves;0.012520934;2017
174;Aterro de resíduos não perigosos de Leiria;Leiria;Leiria;8200;328 t CH4;RESILEI - Tratamento de Resíduos Industriais, S.A.;RESILEI - Tratamento de Resíduos Industriais;Resíduos;Tratamento e eliminação de resíduos;0.012046423;2017
175;Cerâmica Outeiro do Seixo, S.A.;Campelos, Torres Vedras;Lisboa;8009;;Cerâmica Outeiro do Seixo, S.A.;Cerâmica Outeiro do Seixo;Cerâmica;;0.011765829;2018
176;Unidade da Resitejo (Aterro, Triagem e TM);Chamusca;Santarém;7700;308 t CH4;RESITEJO - ASSOCIAÇÃO DE GESTÃO E TRATAMENTO DOS LIXOS DO MÉDIO TEJO;RESITEJO - ASSOCIAÇÃO DE GESTÃO E TRATAMENTO DOS LIXOS DO MÉDIO TEJO;Resíduos;Tratamento e eliminação de resíduos;0.011311885;2017
177;Inacer - Indústria Nacional de Cerâmica, Lda;Quintãs;Aveiro;7557;;Cerâmica das Quintãs, Lda.;Cerâmica das Quintãs;Cerâmica;;0.011101807;2018
178;Prado-Cartolinas da Lousã, S.A;Lousã;Coimbra;7353;;Prado-Cartolinas da Lousã, S.A;Prado-Cartolinas da Lousã;Papel;;0.010802115;2018
179;Natural - Industria de Papel;Povolide;Viseu;7304;;Natural - Industria de Papel, SA (EX - Luís Santos & Monteiro SA);Natural - Industria de Papel;Papel;Produção de pasta de papel;0.010730131;2016
180;Fábrica em Satarém - FontSALEM;;Santarém;6929;;FontSALEM Portugal;FontSALEM;Comida;fabricação de refrigerantes e cerveja;0.010179227;2018
181;Sociedade Cerâmica do Alto, Lda;Águeda;Aveiro;6872;;Sociedade Cerâmica do Alto, Lda;Sociedade Cerâmica do Alto;Cerâmica;;0.01009549;2018
182;Conesa Portugal unidade Fabril;Mora;Évora;6721;;Conesa Portugal, S.A (Ex Sopragol Soc. Ind. de Produtos Agrícolas, S.A);Conesa Portugal;Comida;Combustão de combustíveis nas instalações;0.009873659;2018
183;CUF-Químicos Industriais;Estarreja;Aveiro;6377.2;21.4t N2O;CUF-Químicos Industriais S.A.;CUF-Químicos Industriais;Químicos;Fabrico de produtos químicos básicos, fertilizantes e compostos nitrogenados, plásticos e borracha sintética em formas primárias;0.009368591;2017
184;CLiPER;Lavos, Figueira da Foz;Coimbra;6202;;CLiPER Cerâmica SA;CLiPER Cerâmica;Cerâmica;;0.009111209;2018
185;Central de Vapor;Almeirim;Santarém;6162;;Sumol+Compal, Marcas, S.A.;Sumol+Compal;Comida;Combustão de combustíveis nas instalações;0.009052446;2018
186;Fabrica de Papel e Cartão da Zarrinha SA;Rio Meão, Santa Maria da Feira;Aveiro;6096;;Fabrica de Papel e Cartão da Zarrinha S.A;Fabrica de Papel e Cartão da Zarrinha;Papel;Produção de pasta de papel;0.008955487;2018
187;Primus Vitória - Azulejos, S.A.;Esgueira;Aveiro;6044;;Primus Vitória - Azulejos, S.A.;Primus Vitória - Azulejos;Cerâmica;;0.008879095;2018
188;Modicer - Moda Cerâmica, S.A.;Oliveira do Bairro;Aveiro;5913;;Modicer - Moda Cerâmica S.A.;Modicer - Moda Cerâmica;Cerâmica;;0.008686646;2018
189;Recivalongo - Gestão de Resíduos, LDA;Valongo;Porto;5900;236 t CH4;Recivalongo- Gestão de Resíduos Lda;Recivalongo- Gestão de Resíduos;Resíduos;Tratamento e eliminação de resíduos;0.008667548;2017
190;Bresfor Indústria do Formol, S.A. .;Gafanha da Nazaré;Aveiro;5852;;BRESFOR, Indústria do Formol, S.A.;BRESFOR, Indústria do Formol;Químicos;;0.008597032;2018
191;Margon - Materais e Revestimentos Modernos para edificações, S.A.;Cruz da Légua, Pedreiras, Porto de Mós;Leiria;5597;;Margon - Materais e Revestimentos Modernos para edificações, S.A.;Margon - Materais e Revestimentos Modernos para edificações;Cerâmica;;0.008222418;2017
192;Horticilha, Agro - Industria, S.A.;Alcochete;Setúbal;5549;;Horticilha, Agro - Industria, S.A.;Horticilha, Agro - Industria;Agricultura;Combustão de combustíveis nas instalações;0.008151902;2018
193;Porto da Figueira da Foz;Figueira da Foz;Coimbra;5345.3;5303 t CO2, 0.5 t CH4, 0.1 t N2O;Público/Estado;Público/Estado;Transportes - navegação;;0.007852652;2017
194;Revigrés (Fábrica Mãe);;Aveiro;5322;;Revigrés - Indústria de revestimentos de Grés, Lda;Revigrés;Cerâmica;;0.007818422;2018
195;Porto do Porto Santo;Porto Santo;Ilha do Porto Santo, Madeira;5265.3;5223 t CO2, 0.5 t CH4, 0.1 t N2O;Público/Estado;Público/Estado;Transportes - navegação;;0.007735126;2017
196;Renova - Fábrica de Papel do Almonda, S.A. - Fábrica 1;Torres Novas;Santarém;5224;;Renova - Fábrica de Papel do Almonda, S.A.;Renova;Papel;Instalações industriais para a produção de papel e cartão e outros produtos de madeira primária (tais como aglomerado de partículas, cartão de fibras e contraplacado);0.007674453;2018
197;Cerdomus - Indústrias Cerâmicas, SA;Avelãs de Caminho;Aveiro;5205;;Cerdomus - Indústrias Cerâmicas SA;Cerdomus - Indústrias Cerâmicas;Cerâmica;;0.00764654;2018
198;Sutol - Industrias Alimentares, Lda.;Alcácer do Sal;Setúbal;4808;;Sutol - Industrias Alimentares, Lda.;Sutol - Industrias Alimentares;;;0.007063317;2018
199;Aeroporto das Flores (Santa Cruz);Santa Cruz das Flores;Ilha das Flores, Açores;4791.3;4754 t CO2, 0.3 t CH4, 0.1 t N2O;Vinci;Vinci;Transportes - aviação;;0.007038784;2017
200;Aleluia Cerâmicas SA - Unidade Fabril de Esgueira;Esgueira;Aveiro;4748;;Aleluia Cerâmicas SA;Aleluia Cerâmicas;Cerâmica;;0.006975173;2018
201;Ecoparque da Abrunheira (TMB-DA Tratolixo);São Miguel de Alcainça, Mafra;Lisboa;4625;185 t CH4;TRATOLIXO, EIM;TRATOLIXO;Resíduos;Tratamento e eliminação de resíduos;0.006794476;2017
202;Unidade da Resiestrela (Aterro, TMB e Triagem);Fundão;Castelo Branco;4550;182 t CH4;Resiestrela - Valorização e Tratamento de Resíduos Sólidos, S. A.;Resiestrela - Valorização e Tratamento de Resíduos Sólidos;Resíduos;Tratamento e eliminação de resíduos;0.006684296;2017
203;EuroResinas - Indústrias Químicas S.A.;Sines;Setúbal;4447;;Euroresinas Indústrias Químicas S.A.;Euroresinas;Químicos;Produção de produtos químicos orgânicos a grande escala;0.006532981;2018
204;Paulo de Oliveira, S.A.;Covilhã;Castelo Branco;4343;;Paulo de Oliveira, S.A.;Paulo de Oliveira;Textil;Combustão de combustíveis nas instalações;0.006380197;2018
205;Gresco - Grés de Coimbra, S.A.;Taveiro;Coimbra;4050;;Gresco - Grés de Coimbra, S.A.;Gresco;Cerâmica;Fabricação de ladrilhos, mosaicos e placas de cerâmica;0.005949758;2016
206;Selenis Energia, S.A.;Portela de Carnaxide;Portalegre;3968;;Evertis Energia, S.A.;Evertis Energia;Químicos;"produção de especialidades de poliésteres para uma ampla gama de aplicações;  Combustão de combustíveis nas instalações";0.005829293;2017
207;Pavigrés II;Bustos;Aveiro;3787;;Pavigrés Cerâmicas, S.A.;Pavigrés Cerâmicas;Cerâmica;;0.005563391;2018
208;Aeroporto do Porto Santo;Porto Santo;Ilha do Porto Santo, Madeira;3686.8;3642 t CO2, 0.6 t CH4, 0.1 t N2O;Vinci;Vinci;Transportes - aviação;;0.005416189;2017
209;Aeroporto do Pico;Pico;Ilha do Pico, Açores;3575.3;3536 t CO2, 0.38 t CH4, 0.10 t N2O;SATA Air Açores (Público/Estado);SATA Air Açores;Transportes - aviação;;0.005252387;2017
210;Monte da Coelha Nova (Quinta da Fonte Figueira);Estremoz;Évora;3500;140 t CH4;Sociedade Agro-Pecuária de São Bento do Ameixial, Lda;Sociedade Agro-Pecuária de São Bento do Ameixial;Carnes;Com 2 000 lugares para suínos de produção (mais de 30kg);0.005141766;2017
211;Suinvest, SA;Rio Maior;Santarém;3425;137 t CH4;Suinvest, SA;Suinvest;Carnes;Instalações para a criação intensiva de porcos com 750 lugares para porcas;0.005031585;2017
212;Sociedade Transformadora de Papéis Vouga, Lda;S. Paio Oleiros, Santa Maria da Feira;Aveiro;3364;;Sociedade Transformadora de Papéis Vouga, Lda;Sociedade Transformadora de Papéis Vouga;Papel;Produção de pasta de papel;0.004941971;2018
213;Cerâmica Sotelha, SA;Bustos, Oliveira do Bairro;Aveiro;3338;;Cerâmica Sotelha, SA;Cerâmica Sotelha;Cerâmica;;0.004903776;2018
214;Aeroporto de Santa Maria (Vila do Porto);Vila do Porto, Santa Maria;Ilha de Santa Maria, Açores;3316.3;3274 t CO2, 0.5 t CH4, 0.1 t N2O;Vinci;Vinci;Transportes - aviação;;0.004871897;2017
215;Porto de Portimão;Portimão;Faro;3296.32;3262 t CO2, 0.3 t CH4, 0.09 t N2O;APS - Administração dos Portos de Sines e do Algarve, S.A.;APS - Administração dos Portos de Sines e do Algarve;Transportes - navegação;;0.004842544;2017
216;Fábrica de PVC da CIRES, Lda;Avanca, Estarreja;Aveiro;3223;;CIRES, Lda;CIRES;Químicos;Produção de produtos químicos orgânicos a grande escala;0.004734832;2018
217;Fábrica de papel do Tojal;S. Julião do Tojal, Loures;Lisboa;3219;;Fapajal - Fábrica de papel do Tojal, S.A.;Fapajal - Fábrica de papel do Tojal;Papel;Produção de papel ou cartão;0.004728955;2018
218;Euroeste, SA - Herdade da Susalva;Salvaterra de Magos;Santarém;3100;124 t CH4;EUROESTE, SA;EUROESTE;Carnes;Instalações para a criação intensiva de porcos com 2.000 lugares para porcos de produção (mais de 30 kg);0.004554135;2017
219;" Euroeste - Herdade da Rosenta";Monte-Mor-o-Novo;Coimbra;2900;116t CH4;EUROESTE, SA;EUROESTE;Carnes;Com 2 000 lugares para suínos de produção (mais de 30kg);0.00426032;2017
220;Fábrica de Papel da Lapa;S. Paio de Oleiros, Santa Maria da Feira;Aveiro;2873;;Fábrica de Papel da Lapa, Lda;Fábrica de Papel da Lapa;Papel;Produção de papel ou cartão;0.004220655;2018
221;Sapor - Sociedade Portuguesa, Lda.;Cartaxo;Santarém;2825;113 t CH4;Sapor - Sociedade Portuguesa, Lda.;Sapor;Carnes;Instalações para a criação intensiva de porcos com 2.000 lugares para porcos de produção (mais de 30 kg);0.00415014;2017
222;Quinta Velha de S.José;Alcobaça;Leiria;2775;111t CH4;Agro-Pecuária Valinho, S.A.;Agro-Pecuária Valinho;Carnes;750 lugares para porcas;0.004076686;2017
223;Luso Telha, Lda;Aguada de Cima, Águeda;Aveiro;2735;;Luso Telha, Cerâmica de Telhas e Tijolos de Águeda, Lda. (Ex Jomar);Luso Telha;Cerâmica;;0.004017923;2016
224;Aeródromo da Graciosa;Santa Cruz da Graciosa;Ilha Graciosa, Açores;2654.86;2627 t CO2, 0.28 t CH4, 0.07 t N2O;SATA Air Açores (Público/Estado);SATA Air Açores;Transportes - aviação;;0.003900191;2017
225;Herdade das Místicas;Arraiolos;Évora;2625;105 t CH4;Fontembro - Sociedade Agrícola e Imobiliária, Lda;Fontembro;Carnes;Com 2 000 lugares para suínos de produção (mais de 30kg);0.003856324;2017
226;Aviário do Resouro - Produção de Ovos Lda;Ourém;Santarém;2600;104 t CH4;Aviário do Resouro - Produção de Ovos, Lda.;Aviário do Resouro - Produção de Ovos;Carnes;Instalações para a criação intensiva de aves de capoeira com 40.000 lugares para aves;0.003819597;2017
227;Unidade Industrial de Mortágua;Mortágua;Viseu;2585;;Cerâmica Vale da Gândara, S.A;Cerâmica Vale da Gândara;Cerâmica;;0.003797561;2018
228;Aeródromo de São Jorge;" Fajã da Queimada, Santo Amaro";Ilha de São Jorge, Açores;2576.61;2549 t CO2, 0.27 t CH4, 0.07 t N2O;SATA Air Açores (Público/Estado);SATA Air Açores;Transportes - aviação;;0.003785236;2017
229;Casalito - Amor;Amor;Leiria;2500;100 t CH4;Manuel Querido - Produção e Comércio de Suinos, Lda;Manuel Querido - Produção e Comércio de Suinos;Carnes;" Instalações para a criação intensiva de porcos com 2.000 lugares para porcos de produção (mais de 30 kg)";0.00367269;2017
230;Oliveira Santos & Irmão, Lda;Paços de Brandão, Santa Maria da Feira;Aveiro;2432;;Oliveira Santos & Irmão, Lda;Oliveira Santos & Irmão;Papel;Produção de pasta de papel;0.003572793;2018
231;Grestejo - Industrias Cerâmicas S.A;Torres Novas;Santarém;2120;;Grestejo - Industrias Cerâmicas S.A;Grestejo - Industrias Cerâmicas;Cerâmica;;0.003114441;2018
232;Porto de Viana do Castelo;;Viana do Castelo;1988.9;1969 t CO2, 0.2 t CH4, 0.05 t N2O;Público/Estado;Público/Estado;Transportes - navegação;;0.002921845;2017
233;Fábrica de Açúcar;Ponta Delgada;Ilha de São Miguel, Açores;1619;;SINAGA Sociedade de Indústrias Agrícolas Açoreanas, S.A.;SINAGA Sociedade de Indústrias Agrícolas Açoreanas;Comida;Combustão de combustíveis nas instalações;0.002378434;2017
234;Fábrica de Papel de Ponte Redonda;Espinho;Aveiro;1592;;Fábrica de Papel de Ponte Redonda, S.A.;Fábrica de Papel de Ponte Redonda;Papel;Produção de papel ou cartão;0.002338769;2018
235;Nestlé Portugal, S.A - Fábrica de Avanca;Avanca, Estarreja;Aveiro;1506;;Nestlé Portugal, S.A.;Nestlé;Comida;Combustão de combustíveis nas instalações;0.002212428;2018
236;Aeródromo do Corvo;Vila do Corvo;Ilha do Corvo, Açores;1394.67;1379 t CO2, 0.15 t CH4, 0.04 t N2O;SATA Air Açores (Público/Estado);SATA Air Açores;Transportes - aviação;;0.002048876;2017
237;Prélis Cerâmica, Lda;Alcogulhe de Cima;Leiria;1304;;Prélis Cerâmica, Lda;Prélis Cerâmica;Cerâmica;;0.001915675;2018
238;dst-Central de betuminoso;Palmeira;Braga;1010;;dst-Domingos da Silva Teixeira, SA;dst-Domingos da Silva Teixeira;Construção;Combustão de combustíveis nas instalações;0.001483767;2018
239;Fábrica de Serração e Cerâmica Amaro de Macedo, S.A;Cervães, Vila Verde;Braga;989;;F. S. e Cerâmica Amaro de Macedo, S.A;F. S. e Cerâmica Amaro de Macedo;Cerâmica;;0.001452916;2018
240;Cerâmica de Pegões;Santo Isidro de Pegões, Montijo;Setúbal;825;;Cerâmica de Pegões - J. G. Silva, S.A.;Cerâmica de Pegões;Cerâmica;;0.001211988;2018
241;Cetipal - Cerâmica de Tijolos e Pavimentos, S.A.;Aguada de Baixo, Águeda;Aveiro;785;;Cetipal - Cerâmica de Tijolos e Pavimentos, S.A;Cetipal - Cerâmica de Tijolos e Pavimentos;Cerâmica;;0.001153225;2018
242;Cerâmica F. Santiago, Lda.;Porto de Mós;Leiria;613;;Cerâmica F. Santiago, Lda.;Cerâmica F. Santiago;Cerâmica;;0.000900544;2018
243;Porto de Faro;;Faro;610.46;603 t CO2, 0.06 t CH4, 0.02 t N2O;APS - Administração dos Portos de Sines e do Algarve, S.A.;APS - Administração dos Portos de Sines e do Algarve;Transportes - navegação;;0.000896812;2017
244;SPE-Sociedade de Produção de Electricidade e Calor;Vila Nova Famalicão;Braga;495;;SPE-Sociedade de Produção de Electricidade e Calor, S.A.;SPE-Sociedade de Produção de Electricidade e Calor;Energia - Combustão de combustíveis nas instalações;;0.000727193;2018
245;Tijolágueda - Cerâmica de Águeda - Lda;Águeda;Aveiro;367;;Tijolágueda - Cerâmica de Águeda - Lda;Tijolágueda - Cerâmica de Águeda;Cerâmica;;0.000539151;2018
246;Cerâmica Flaviense, Lda;Chaves;Vila Real;296;;Cerâmica Flaviense, Lda;Cerâmica Flaviense;Cerâmica;;0.000434846;2016
247;Ucherâmica - Cerâmica da Ucha;Ucha;Braga;212;;Ucherâmica - Cerâmica da Ucha, Lda.;Ucherâmica - Cerâmica da Ucha;Cerâmica;;0.000311444;2018
248;M. A. Lopes D'Avó, Lda;Amiais de Cima;Santarém;121;;M. A. Lopes D'Avó, Lda;M. A. Lopes D'Avó;Cerâmica;;0.000177758;2018